{"stats":{"minecraft:used":{"minecraft:cooked_mutton":3,"minecraft:stone_sword":36,"minecraft:stone_pickaxe":28,"minecraft:wooden_pickaxe":10,"minecraft:cooked_chicken":6,"minecraft:glow_berries":3,"minecraft:dirt":8,"minecraft:crafting_table":5,"minecraft:apple":2,"minecraft:stone_axe":46,"minecraft:wooden_sword":28,"minecraft:furnace":2,"alexsmobs:animal_dictionary":1},"minecraft:picked_up":{"minecraft:feather":5,"orcz:orcteeth":4,"minecraft:chicken":6,"minecraft:oak_log":50,"minecraft:dirt":15,"minecraft:bone":1,"minecraft:apple":2,"bloodandmadness:blood_vial":1,"minecraft:iron_nugget":1,"minecraft:sugar_cane":3,"minecraft:egg":3,"minecraft:raw_iron":2,"minecraft:stick":7,"minecraft:gravel":1,"minecraft:porkchop":1,"minecraft:arrow":2,"minecraft:rotten_flesh":1,"minecraft:oak_sapling":4,"orcz:orceye":1,"minecraft:mutton":3,"minecraft:coal":1,"minecraft:white_wool":2,"minecraft:cobblestone":34},"minecraft:crafted":{"minecraft:wooden_sword":1,"minecraft:oak_planks":200,"minecraft:crafting_table":5,"minecraft:wooden_pickaxe":1,"minecraft:cooked_chicken":6,"minecraft:furnace":2,"minecraft:stone_axe":1,"minecraft:cooked_mutton":3,"minecraft:air":0,"minecraft:stick":12,"minecraft:iron_ingot":2,"minecraft:stone_pickaxe":1,"minecraft:stone_sword":1},"minecraft:mined":{"gravestone:gravestone":5,"minecraft:grass_block":3,"minecraft:tall_grass":6,"minecraft:sugar_cane":2,"minecraft:iron_ore":2,"mirabilis:spruce_leave_carpet":1,"minecraft:grass":2,"minecraft:coal_ore":1,"minecraft:oak_log":50,"minecraft:gravel":1,"minecraft:dirt":12,"minecraft:stone":35,"minecraft:oak_leaves":17},"minecraft:custom":{"minecraft:interact_with_furnace":6,"minecraft:mob_kills":15,"minecraft:interact_with_crafting_table":8,"minecraft:leave_game":3,"minecraft:time_since_death":4814,"minecraft:time_since_rest":4851,"minecraft:sprint_one_cm":273403,"minecraft:damage_taken":2210,"minecraft:walk_one_cm":216827,"minecraft:drop":1,"minecraft:damage_dealt":2809,"minecraft:damage_dealt_absorbed":36,"minecraft:swim_one_cm":24797,"minecraft:fly_one_cm":343190,"minecraft:open_chest":1,"minecraft:crouch_one_cm":21251,"minecraft:play_time":42482,"minecraft:deaths":6,"minecraft:sneak_time":2610,"minecraft:walk_under_water_one_cm":567,"minecraft:jump":824,"minecraft:walk_on_water_one_cm":4207,"minecraft:total_world_time":42482,"minecraft:fall_one_cm":19376},"minecraft:killed_by":{"grimoireofgaia:minotaurus":2,"minecraft:zombie":1,"orcz:orcshield":1,"bloodandmadness:church_doctor":1,"grimoireofgaia:werecat":1},"minecraft:dropped":{"minecraft:gravel":1},"minecraft:killed":{"minecraft:pig":1,"riskofrain_mobs:lemurian_entity":1,"minecraft:sheep":2,"minecraft:skeleton":2,"minecraft:chicken":6,"orcz:orcsavagemace":1,"grimoireofgaia:werecat":1,"orcz:orcsavage_2sword":1}},"DataVersion":3465}