{"stats":{"minecraft:used":{"alexsmobs:animal_dictionary":1},"minecraft:crafted":{"minecraft:oak_planks":4},"minecraft:picked_up":{"minecraft:oak_log":1},"minecraft:mined":{"minecraft:oak_log":1},"minecraft:custom":{"minecraft:jump":53,"minecraft:time_since_rest":8945,"minecraft:leave_game":1,"minecraft:play_time":8945,"minecraft:sprint_one_cm":11004,"minecraft:time_since_death":8945,"minecraft:walk_one_cm":17275,"minecraft:total_world_time":8945,"minecraft:fall_one_cm":2626,"minecraft:fly_one_cm":9928}},"DataVersion":3465}