{"stats":{"minecraft:used":{"minecraft:stone_sword":18,"minecraft:stone_pickaxe":28,"minecraft:wooden_pickaxe":10,"minecraft:cooked_chicken":3,"minecraft:stone_axe":46,"minecraft:wooden_sword":19,"minecraft:dirt":8,"minecraft:crafting_table":5,"minecraft:furnace":2,"alexsmobs:animal_dictionary":1},"minecraft:crafted":{"minecraft:wooden_sword":1,"minecraft:oak_planks":200,"minecraft:crafting_table":5,"minecraft:stick":12,"minecraft:wooden_pickaxe":1,"minecraft:iron_ingot":2,"minecraft:cooked_chicken":6,"minecraft:stone_pickaxe":1,"minecraft:stone_sword":1,"minecraft:furnace":2,"minecraft:stone_axe":1,"minecraft:cooked_mutton":3,"minecraft:air":0},"minecraft:picked_up":{"minecraft:stick":7,"minecraft:raw_iron":2,"minecraft:feather":4,"minecraft:chicken":6,"minecraft:gravel":1,"minecraft:porkchop":1,"minecraft:oak_log":50,"minecraft:dirt":15,"minecraft:arrow":2,"minecraft:bone":1,"minecraft:apple":2,"bloodandmadness:blood_vial":1,"minecraft:iron_nugget":1,"minecraft:oak_sapling":4,"minecraft:sugar_cane":3,"minecraft:mutton":3,"minecraft:coal":1,"minecraft:white_wool":2,"minecraft:cobblestone":34,"minecraft:egg":3},"minecraft:mined":{"minecraft:iron_ore":2,"mirabilis:spruce_leave_carpet":1,"gravestone:gravestone":2,"minecraft:grass":1,"minecraft:oak_log":50,"minecraft:grass_block":3,"minecraft:coal_ore":1,"minecraft:gravel":1,"minecraft:dirt":12,"minecraft:tall_grass":6,"minecraft:stone":35,"minecraft:sugar_cane":2,"minecraft:oak_leaves":17},"minecraft:custom":{"minecraft:time_since_rest":2823,"minecraft:interact_with_furnace":6,"minecraft:sprint_one_cm":166926,"minecraft:damage_taken":1280,"minecraft:walk_one_cm":161950,"minecraft:mob_kills":12,"minecraft:drop":1,"minecraft:damage_dealt":1786,"minecraft:swim_one_cm":8091,"minecraft:interact_with_crafting_table":8,"minecraft:fly_one_cm":129160,"minecraft:crouch_one_cm":21251,"minecraft:play_time":32809,"minecraft:deaths":4,"minecraft:sneak_time":2499,"minecraft:jump":529,"minecraft:walk_on_water_one_cm":1752,"minecraft:leave_game":2,"minecraft:time_since_death":2789,"minecraft:total_world_time":32809,"minecraft:fall_one_cm":13640},"minecraft:killed_by":{"orcz:orcshield":1,"grimoireofgaia:minotaurus":1,"bloodandmadness:church_doctor":1,"grimoireofgaia:werecat":1},"minecraft:dropped":{"minecraft:gravel":1},"minecraft:killed":{"minecraft:skeleton":2,"minecraft:sheep":2,"minecraft:pig":1,"minecraft:chicken":6,"grimoireofgaia:werecat":1}},"DataVersion":3465}