{"stats":{"minecraft:used":{"minecraft:stone_sword":7,"minecraft:stone_pickaxe":28,"minecraft:wooden_pickaxe":10,"minecraft:stone_axe":5,"minecraft:crafting_table":3,"minecraft:furnace":1,"alexsmobs:animal_dictionary":1},"minecraft:crafted":{"minecraft:oak_planks":36,"minecraft:crafting_table":3,"minecraft:stick":8,"minecraft:wooden_pickaxe":1,"minecraft:iron_ingot":2,"minecraft:stone_pickaxe":1,"minecraft:stone_sword":1,"minecraft:furnace":1,"minecraft:stone_axe":1,"minecraft:air":0},"minecraft:picked_up":{"minecraft:raw_iron":2,"minecraft:feather":3,"minecraft:chicken":5,"minecraft:gravel":1,"minecraft:porkchop":1,"minecraft:oak_log":9,"minecraft:dirt":15,"minecraft:coal":1,"minecraft:cobblestone":34,"minecraft:egg":3},"minecraft:mined":{"minecraft:iron_ore":2,"minecraft:grass":1,"minecraft:oak_log":9,"minecraft:grass_block":3,"minecraft:coal_ore":1,"minecraft:gravel":1,"minecraft:dirt":12,"minecraft:stone":35,"minecraft:oak_leaves":1},"minecraft:custom":{"minecraft:time_since_rest":20809,"minecraft:interact_with_furnace":2,"minecraft:sprint_one_cm":53524,"minecraft:walk_one_cm":70548,"minecraft:mob_kills":6,"minecraft:damage_dealt":300,"minecraft:interact_with_crafting_table":5,"minecraft:fly_one_cm":33866,"minecraft:crouch_one_cm":16015,"minecraft:play_time":20809,"minecraft:sneak_time":1686,"minecraft:jump":174,"minecraft:leave_game":2,"minecraft:time_since_death":20809,"minecraft:total_world_time":20809,"minecraft:fall_one_cm":4745},"minecraft:killed":{"minecraft:pig":1,"minecraft:chicken":5}},"DataVersion":3465}